,Unnamed: 0,path
0,,Train/Mask/seismic_x_0.png
1,,Train/Mask/seismic_x_1.png
2,,Train/Mask/seismic_x_2.png
3,,Train/Mask/seismic_x_3.png
4,,Train/Mask/seismic_x_4.png
5,,Train/Mask/seismic_x_5.png
6,,Train/Mask/seismic_x_6.png
7,,Train/Mask/seismic_x_7.png
8,,Train/Mask/seismic_x_8.png
9,,Train/Mask/seismic_x_9.png
10,,Train/Mask/seismic_x_10.png
11,,Train/Mask/seismic_x_11.png
12,,Train/Mask/seismic_x_12.png
13,,Train/Mask/seismic_x_13.png
14,,Train/Mask/seismic_x_14.png
15,,Train/Mask/seismic_x_15.png
16,,Train/Mask/seismic_x_16.png
17,,Train/Mask/seismic_x_17.png
18,,Train/Mask/seismic_x_18.png
19,,Train/Mask/seismic_x_19.png
20,,Train/Mask/seismic_x_20.png
21,,Train/Mask/seismic_x_21.png
22,,Train/Mask/seismic_x_22.png
23,,Train/Mask/seismic_x_23.png
24,,Train/Mask/seismic_x_24.png
25,,Train/Mask/seismic_x_25.png
26,,Train/Mask/seismic_x_26.png
27,,Train/Mask/seismic_x_27.png
28,,Train/Mask/seismic_x_28.png
29,,Train/Mask/seismic_x_29.png
30,,Train/Mask/seismic_x_30.png
31,,Train/Mask/seismic_x_31.png
32,,Train/Mask/seismic_x_32.png
33,,Train/Mask/seismic_x_33.png
34,,Train/Mask/seismic_x_34.png
35,,Train/Mask/seismic_x_35.png
36,,Train/Mask/seismic_x_36.png
37,,Train/Mask/seismic_x_37.png
38,,Train/Mask/seismic_x_38.png
39,,Train/Mask/seismic_x_39.png
40,,Train/Mask/seismic_x_40.png
41,,Train/Mask/seismic_x_41.png
42,,Train/Mask/seismic_x_42.png
43,,Train/Mask/seismic_x_43.png
44,,Train/Mask/seismic_x_44.png
45,,Train/Mask/seismic_x_45.png
46,,Train/Mask/seismic_x_46.png
47,,Train/Mask/seismic_x_47.png
48,,Train/Mask/seismic_x_48.png
49,,Train/Mask/seismic_x_49.png
50,,Train/Mask/seismic_x_50.png
51,,Train/Mask/seismic_x_51.png
52,,Train/Mask/seismic_x_52.png
53,,Train/Mask/seismic_x_53.png
54,,Train/Mask/seismic_x_54.png
55,,Train/Mask/seismic_x_55.png
56,,Train/Mask/seismic_x_56.png
57,,Train/Mask/seismic_x_57.png
58,,Train/Mask/seismic_x_58.png
59,,Train/Mask/seismic_x_59.png
60,,Train/Mask/seismic_x_60.png
61,,Train/Mask/seismic_x_61.png
62,,Train/Mask/seismic_x_62.png
63,,Train/Mask/seismic_x_63.png
64,,Train/Mask/seismic_x_64.png
65,,Train/Mask/seismic_x_65.png
66,,Train/Mask/seismic_x_66.png
67,,Train/Mask/seismic_x_67.png
68,,Train/Mask/seismic_x_68.png
69,,Train/Mask/seismic_x_69.png
70,,Train/Mask/seismic_x_70.png
71,,Train/Mask/seismic_x_71.png
72,,Train/Mask/seismic_x_72.png
73,,Train/Mask/seismic_x_73.png
74,,Train/Mask/seismic_x_74.png
75,,Train/Mask/seismic_x_75.png
76,,Train/Mask/seismic_x_76.png
77,,Train/Mask/seismic_x_77.png
78,,Train/Mask/seismic_x_78.png
79,,Train/Mask/seismic_x_79.png
80,,Train/Mask/seismic_x_80.png
81,,Train/Mask/seismic_x_81.png
82,,Train/Mask/seismic_x_82.png
83,,Train/Mask/seismic_x_83.png
84,,Train/Mask/seismic_x_84.png
85,,Train/Mask/seismic_x_85.png
86,,Train/Mask/seismic_x_86.png
87,,Train/Mask/seismic_x_87.png
88,,Train/Mask/seismic_x_88.png
89,,Train/Mask/seismic_x_89.png
90,,Train/Mask/seismic_x_90.png
91,,Train/Mask/seismic_x_91.png
92,,Train/Mask/seismic_x_92.png
93,,Train/Mask/seismic_x_93.png
94,,Train/Mask/seismic_x_94.png
95,,Train/Mask/seismic_x_95.png
96,,Train/Mask/seismic_x_96.png
97,,Train/Mask/seismic_x_97.png
98,,Train/Mask/seismic_x_98.png
99,,Train/Mask/seismic_x_99.png
100,,Train/Mask/seismic_x_100.png
101,,Train/Mask/seismic_x_101.png
102,,Train/Mask/seismic_x_102.png
103,,Train/Mask/seismic_x_103.png
104,,Train/Mask/seismic_x_104.png
105,,Train/Mask/seismic_x_105.png
106,,Train/Mask/seismic_x_106.png
107,,Train/Mask/seismic_x_107.png
108,,Train/Mask/seismic_x_108.png
109,,Train/Mask/seismic_x_109.png
110,,Train/Mask/seismic_x_110.png
111,,Train/Mask/seismic_x_111.png
112,,Train/Mask/seismic_x_112.png
113,,Train/Mask/seismic_x_113.png
114,,Train/Mask/seismic_x_114.png
115,,Train/Mask/seismic_x_115.png
116,,Train/Mask/seismic_x_116.png
117,,Train/Mask/seismic_x_117.png
118,,Train/Mask/seismic_x_118.png
119,,Train/Mask/seismic_x_119.png
120,,Train/Mask/seismic_x_120.png
121,,Train/Mask/seismic_x_121.png
122,,Train/Mask/seismic_x_122.png
123,,Train/Mask/seismic_x_123.png
124,,Train/Mask/seismic_x_124.png
125,,Train/Mask/seismic_x_125.png
126,,Train/Mask/seismic_x_126.png
127,,Train/Mask/seismic_x_127.png
128,,Train/Mask/seismic_x_128.png
129,,Train/Mask/seismic_x_129.png
130,,Train/Mask/seismic_x_130.png
131,,Train/Mask/seismic_x_131.png
132,,Train/Mask/seismic_x_132.png
133,,Train/Mask/seismic_x_133.png
134,,Train/Mask/seismic_x_134.png
135,,Train/Mask/seismic_x_135.png
136,,Train/Mask/seismic_x_136.png
137,,Train/Mask/seismic_x_137.png
138,,Train/Mask/seismic_x_138.png
139,,Train/Mask/seismic_x_139.png
140,,Train/Mask/seismic_x_140.png
141,,Train/Mask/seismic_x_141.png
142,,Train/Mask/seismic_x_142.png
143,,Train/Mask/seismic_x_143.png
144,,Train/Mask/seismic_x_144.png
145,,Train/Mask/seismic_x_145.png
146,,Train/Mask/seismic_x_146.png
147,,Train/Mask/seismic_x_147.png
148,,Train/Mask/seismic_x_148.png
149,,Train/Mask/seismic_x_149.png
150,,Train/Mask/seismic_x_150.png
151,,Train/Mask/seismic_x_151.png
152,,Train/Mask/seismic_x_152.png
153,,Train/Mask/seismic_x_153.png
154,,Train/Mask/seismic_x_154.png
155,,Train/Mask/seismic_x_155.png
156,,Train/Mask/seismic_x_156.png
157,,Train/Mask/seismic_x_157.png
158,,Train/Mask/seismic_x_158.png
159,,Train/Mask/seismic_x_159.png
160,,Train/Mask/seismic_x_160.png
161,,Train/Mask/seismic_x_161.png
162,,Train/Mask/seismic_x_162.png
163,,Train/Mask/seismic_x_163.png
164,,Train/Mask/seismic_x_164.png
165,,Train/Mask/seismic_x_165.png
166,,Train/Mask/seismic_x_166.png
167,,Train/Mask/seismic_x_167.png
168,,Train/Mask/seismic_x_168.png
169,,Train/Mask/seismic_x_169.png
170,,Train/Mask/seismic_x_170.png
171,,Train/Mask/seismic_x_171.png
172,,Train/Mask/seismic_x_172.png
173,,Train/Mask/seismic_x_173.png
174,,Train/Mask/seismic_x_174.png
175,,Train/Mask/seismic_x_175.png
176,,Train/Mask/seismic_x_176.png
177,,Train/Mask/seismic_x_177.png
178,,Train/Mask/seismic_x_178.png
179,,Train/Mask/seismic_x_179.png
180,,Train/Mask/seismic_x_180.png
181,,Train/Mask/seismic_x_181.png
182,,Train/Mask/seismic_x_182.png
183,,Train/Mask/seismic_x_183.png
184,,Train/Mask/seismic_x_184.png
185,,Train/Mask/seismic_x_185.png
186,,Train/Mask/seismic_x_186.png
187,,Train/Mask/seismic_x_187.png
188,,Train/Mask/seismic_x_188.png
189,,Train/Mask/seismic_x_189.png
190,,Train/Mask/seismic_x_190.png
191,,Train/Mask/seismic_x_191.png
192,,Train/Mask/seismic_x_192.png
193,,Train/Mask/seismic_x_193.png
194,,Train/Mask/seismic_x_194.png
195,,Train/Mask/seismic_x_195.png
196,,Train/Mask/seismic_x_196.png
197,,Train/Mask/seismic_x_197.png
198,,Train/Mask/seismic_x_198.png
199,,Train/Mask/seismic_x_199.png
200,,Train/Mask/seismic_x_200.png
201,,Train/Mask/seismic_x_201.png
202,,Train/Mask/seismic_x_202.png
203,,Train/Mask/seismic_x_203.png
204,,Train/Mask/seismic_x_204.png
205,,Train/Mask/seismic_x_205.png
206,,Train/Mask/seismic_x_206.png
207,,Train/Mask/seismic_x_207.png
208,,Train/Mask/seismic_x_208.png
209,,Train/Mask/seismic_x_209.png
210,,Train/Mask/seismic_x_210.png
211,,Train/Mask/seismic_x_211.png
212,,Train/Mask/seismic_x_212.png
213,,Train/Mask/seismic_x_213.png
214,,Train/Mask/seismic_x_214.png
215,,Train/Mask/seismic_x_215.png
216,,Train/Mask/seismic_x_216.png
217,,Train/Mask/seismic_x_217.png
218,,Train/Mask/seismic_x_218.png
219,,Train/Mask/seismic_x_219.png
220,,Train/Mask/seismic_x_220.png
221,,Train/Mask/seismic_x_221.png
222,,Train/Mask/seismic_x_222.png
223,,Train/Mask/seismic_x_223.png
224,,Train/Mask/seismic_x_224.png
225,,Train/Mask/seismic_x_225.png
226,,Train/Mask/seismic_x_226.png
227,,Train/Mask/seismic_x_227.png
228,,Train/Mask/seismic_x_228.png
229,,Train/Mask/seismic_x_229.png
230,,Train/Mask/seismic_x_230.png
231,,Train/Mask/seismic_x_231.png
232,,Train/Mask/seismic_x_232.png
233,,Train/Mask/seismic_x_233.png
234,,Train/Mask/seismic_x_234.png
235,,Train/Mask/seismic_x_235.png
236,,Train/Mask/seismic_x_236.png
237,,Train/Mask/seismic_x_237.png
238,,Train/Mask/seismic_x_238.png
239,,Train/Mask/seismic_x_239.png
240,,Train/Mask/seismic_x_240.png
241,,Train/Mask/seismic_x_241.png
242,,Train/Mask/seismic_x_242.png
243,,Train/Mask/seismic_x_243.png
244,,Train/Mask/seismic_x_244.png
245,,Train/Mask/seismic_x_245.png
246,,Train/Mask/seismic_x_246.png
247,,Train/Mask/seismic_x_247.png
248,,Train/Mask/seismic_x_248.png
249,,Train/Mask/seismic_x_249.png
250,,Train/Mask/seismic_x_250.png
251,,Train/Mask/seismic_x_251.png
252,,Train/Mask/seismic_x_252.png
253,,Train/Mask/seismic_x_253.png
254,,Train/Mask/seismic_x_254.png
255,,Train/Mask/seismic_x_255.png
256,,Train/Mask/seismic_x_256.png
257,,Train/Mask/seismic_x_257.png
258,,Train/Mask/seismic_x_258.png
259,,Train/Mask/seismic_x_259.png
260,,Train/Mask/seismic_x_260.png
261,,Train/Mask/seismic_x_261.png
262,,Train/Mask/seismic_x_262.png
263,,Train/Mask/seismic_x_263.png
264,,Train/Mask/seismic_x_264.png
265,,Train/Mask/seismic_x_265.png
266,,Train/Mask/seismic_x_266.png
267,,Train/Mask/seismic_x_267.png
268,,Train/Mask/seismic_x_268.png
269,,Train/Mask/seismic_x_269.png
270,,Train/Mask/seismic_x_270.png
271,,Train/Mask/seismic_x_271.png
272,,Train/Mask/seismic_x_272.png
273,,Train/Mask/seismic_x_273.png
274,,Train/Mask/seismic_x_274.png
275,,Train/Mask/seismic_x_275.png
276,,Train/Mask/seismic_x_276.png
277,,Train/Mask/seismic_x_277.png
278,,Train/Mask/seismic_x_278.png
279,,Train/Mask/seismic_x_279.png
280,,Train/Mask/seismic_x_280.png
281,,Train/Mask/seismic_x_281.png
282,,Train/Mask/seismic_x_282.png
283,,Train/Mask/seismic_x_283.png
284,,Train/Mask/seismic_x_284.png
285,,Train/Mask/seismic_x_285.png
286,,Train/Mask/seismic_x_286.png
287,,Train/Mask/seismic_x_287.png
288,,Train/Mask/seismic_x_288.png
289,,Train/Mask/seismic_x_289.png
290,,Train/Mask/seismic_x_290.png
291,,Train/Mask/seismic_x_291.png
292,,Train/Mask/seismic_x_292.png
293,,Train/Mask/seismic_x_293.png
294,,Train/Mask/seismic_x_294.png
295,,Train/Mask/seismic_x_295.png
296,,Train/Mask/seismic_x_296.png
297,,Train/Mask/seismic_x_297.png
298,,Train/Mask/seismic_x_298.png
299,,Train/Mask/seismic_x_299.png
300,,Train/Mask/seismic_x_300.png
301,,Train/Mask/seismic_x_301.png
302,,Train/Mask/seismic_x_302.png
303,,Train/Mask/seismic_x_303.png
304,,Train/Mask/seismic_x_304.png
305,,Train/Mask/seismic_x_305.png
306,,Train/Mask/seismic_x_306.png
307,,Train/Mask/seismic_x_307.png
308,,Train/Mask/seismic_x_308.png
309,,Train/Mask/seismic_x_309.png
310,,Train/Mask/seismic_x_310.png
311,,Train/Mask/seismic_x_311.png
312,,Train/Mask/seismic_x_312.png
313,,Train/Mask/seismic_x_313.png
314,,Train/Mask/seismic_x_314.png
315,,Train/Mask/seismic_x_315.png
316,,Train/Mask/seismic_x_316.png
317,,Train/Mask/seismic_x_317.png
318,,Train/Mask/seismic_x_318.png
319,,Train/Mask/seismic_x_319.png
320,,Train/Mask/seismic_x_320.png
321,,Train/Mask/seismic_x_321.png
322,,Train/Mask/seismic_x_322.png
323,,Train/Mask/seismic_x_323.png
324,,Train/Mask/seismic_x_324.png
325,,Train/Mask/seismic_x_325.png
326,,Train/Mask/seismic_x_326.png
327,,Train/Mask/seismic_x_327.png
328,,Train/Mask/seismic_x_328.png
329,,Train/Mask/seismic_x_329.png
330,,Train/Mask/seismic_x_330.png
331,,Train/Mask/seismic_x_331.png
332,,Train/Mask/seismic_x_332.png
333,,Train/Mask/seismic_x_333.png
334,,Train/Mask/seismic_x_334.png
335,,Train/Mask/seismic_x_335.png
336,,Train/Mask/seismic_x_336.png
337,,Train/Mask/seismic_x_337.png
338,,Train/Mask/seismic_x_338.png
339,,Train/Mask/seismic_x_339.png
340,,Train/Mask/seismic_x_340.png
341,,Train/Mask/seismic_x_341.png
342,,Train/Mask/seismic_x_342.png
343,,Train/Mask/seismic_x_343.png
344,,Train/Mask/seismic_x_344.png
345,,Train/Mask/seismic_x_345.png
346,,Train/Mask/seismic_x_346.png
347,,Train/Mask/seismic_x_347.png
348,,Train/Mask/seismic_x_348.png
349,,Train/Mask/seismic_x_349.png
350,,Train/Mask/seismic_x_350.png
351,,Train/Mask/seismic_x_351.png
352,,Train/Mask/seismic_x_352.png
353,,Train/Mask/seismic_x_353.png
354,,Train/Mask/seismic_x_354.png
355,,Train/Mask/seismic_x_355.png
356,,Train/Mask/seismic_x_356.png
357,,Train/Mask/seismic_x_357.png
358,,Train/Mask/seismic_x_358.png
359,,Train/Mask/seismic_x_359.png
360,,Train/Mask/seismic_x_360.png
361,,Train/Mask/seismic_x_361.png
362,,Train/Mask/seismic_x_362.png
363,,Train/Mask/seismic_x_363.png
364,,Train/Mask/seismic_x_364.png
365,,Train/Mask/seismic_x_365.png
366,,Train/Mask/seismic_x_366.png
367,,Train/Mask/seismic_x_367.png
368,,Train/Mask/seismic_x_368.png
369,,Train/Mask/seismic_x_369.png
370,,Train/Mask/seismic_x_370.png
371,,Train/Mask/seismic_x_371.png
372,,Train/Mask/seismic_x_372.png
373,,Train/Mask/seismic_x_373.png
374,,Train/Mask/seismic_x_374.png
375,,Train/Mask/seismic_x_375.png
376,,Train/Mask/seismic_x_376.png
377,,Train/Mask/seismic_x_377.png
378,,Train/Mask/seismic_x_378.png
379,,Train/Mask/seismic_x_379.png
380,,Train/Mask/seismic_x_380.png
381,,Train/Mask/seismic_x_381.png
382,,Train/Mask/seismic_x_382.png
383,,Train/Mask/seismic_x_383.png
384,,Train/Mask/seismic_x_384.png
385,,Train/Mask/seismic_x_385.png
386,,Train/Mask/seismic_x_386.png
387,,Train/Mask/seismic_x_387.png
388,,Train/Mask/seismic_x_388.png
389,,Train/Mask/seismic_x_389.png
390,,Train/Mask/seismic_x_390.png
391,,Train/Mask/seismic_x_391.png
392,,Train/Mask/seismic_x_392.png
393,,Train/Mask/seismic_x_393.png
394,,Train/Mask/seismic_x_394.png
395,,Train/Mask/seismic_x_395.png
396,,Train/Mask/seismic_x_396.png
397,,Train/Mask/seismic_x_397.png
398,,Train/Mask/seismic_x_398.png
399,,Train/Mask/seismic_x_399.png
400,,Train/Mask/seismic_x_400.png
401,,Train/Mask/seismic_x_401.png
402,,Train/Mask/seismic_x_402.png
403,,Train/Mask/seismic_x_403.png
404,,Train/Mask/seismic_x_404.png
405,,Train/Mask/seismic_x_405.png
406,,Train/Mask/seismic_x_406.png
407,,Train/Mask/seismic_x_407.png
408,,Train/Mask/seismic_x_408.png
409,,Train/Mask/seismic_x_409.png
410,,Train/Mask/seismic_x_410.png
411,,Train/Mask/seismic_x_411.png
412,,Train/Mask/seismic_x_412.png
413,,Train/Mask/seismic_x_413.png
414,,Train/Mask/seismic_x_414.png
415,,Train/Mask/seismic_x_415.png
416,,Train/Mask/seismic_x_416.png
417,,Train/Mask/seismic_x_417.png
418,,Train/Mask/seismic_x_418.png
419,,Train/Mask/seismic_x_419.png
420,,Train/Mask/seismic_x_420.png
421,,Train/Mask/seismic_x_421.png
422,,Train/Mask/seismic_x_422.png
423,,Train/Mask/seismic_x_423.png
424,,Train/Mask/seismic_x_424.png
425,,Train/Mask/seismic_x_425.png
426,,Train/Mask/seismic_x_426.png
427,,Train/Mask/seismic_x_427.png
428,,Train/Mask/seismic_x_428.png
429,,Train/Mask/seismic_x_429.png
430,,Train/Mask/seismic_x_430.png
431,,Train/Mask/seismic_x_431.png
432,,Train/Mask/seismic_x_432.png
433,,Train/Mask/seismic_x_433.png
434,,Train/Mask/seismic_x_434.png
435,,Train/Mask/seismic_x_435.png
436,,Train/Mask/seismic_x_436.png
437,,Train/Mask/seismic_x_437.png
438,,Train/Mask/seismic_x_438.png
439,,Train/Mask/seismic_x_439.png
440,,Train/Mask/seismic_x_440.png
441,,Train/Mask/seismic_x_441.png
442,,Train/Mask/seismic_x_442.png
443,,Train/Mask/seismic_x_443.png
444,,Train/Mask/seismic_x_444.png
445,,Train/Mask/seismic_x_445.png
446,,Train/Mask/seismic_x_446.png
447,,Train/Mask/seismic_x_447.png
448,,Train/Mask/seismic_x_448.png
449,,Train/Mask/seismic_x_449.png
450,,Train/Mask/seismic_x_450.png
451,,Train/Mask/seismic_x_451.png
452,,Train/Mask/seismic_x_452.png
453,,Train/Mask/seismic_x_453.png
454,,Train/Mask/seismic_x_454.png
455,,Train/Mask/seismic_x_455.png
456,,Train/Mask/seismic_x_456.png
457,,Train/Mask/seismic_x_457.png
458,,Train/Mask/seismic_x_458.png
459,,Train/Mask/seismic_x_459.png
460,,Train/Mask/seismic_x_460.png
461,,Train/Mask/seismic_x_461.png
462,,Train/Mask/seismic_x_462.png
463,,Train/Mask/seismic_x_463.png
464,,Train/Mask/seismic_x_464.png
465,,Train/Mask/seismic_x_465.png
466,,Train/Mask/seismic_x_466.png
467,,Train/Mask/seismic_x_467.png
468,,Train/Mask/seismic_x_468.png
469,,Train/Mask/seismic_x_469.png
470,,Train/Mask/seismic_x_470.png
471,,Train/Mask/seismic_x_471.png
472,,Train/Mask/seismic_x_472.png
473,,Train/Mask/seismic_x_473.png
474,,Train/Mask/seismic_x_474.png
475,,Train/Mask/seismic_x_475.png
476,,Train/Mask/seismic_x_476.png
477,,Train/Mask/seismic_x_477.png
478,,Train/Mask/seismic_x_478.png
479,,Train/Mask/seismic_x_479.png
480,,Train/Mask/seismic_x_480.png
481,,Train/Mask/seismic_x_481.png
482,,Train/Mask/seismic_x_482.png
483,,Train/Mask/seismic_x_483.png
484,,Train/Mask/seismic_x_484.png
485,,Train/Mask/seismic_x_485.png
486,,Train/Mask/seismic_x_486.png
487,,Train/Mask/seismic_x_487.png
488,,Train/Mask/seismic_x_488.png
489,,Train/Mask/seismic_x_489.png
490,,Train/Mask/seismic_x_490.png
491,,Train/Mask/seismic_x_491.png
492,,Train/Mask/seismic_x_492.png
493,,Train/Mask/seismic_x_493.png
494,,Train/Mask/seismic_x_494.png
495,,Train/Mask/seismic_x_495.png
496,,Train/Mask/seismic_x_496.png
497,,Train/Mask/seismic_x_497.png
498,,Train/Mask/seismic_x_498.png
499,,Train/Mask/seismic_x_499.png
500,,Train/Mask/seismic_x_500.png
501,,Train/Mask/seismic_x_501.png
502,,Train/Mask/seismic_x_502.png
503,,Train/Mask/seismic_x_503.png
504,,Train/Mask/seismic_x_504.png
505,,Train/Mask/seismic_x_505.png
506,,Train/Mask/seismic_x_506.png
507,,Train/Mask/seismic_x_507.png
508,,Train/Mask/seismic_x_508.png
509,,Train/Mask/seismic_x_509.png
510,,Train/Mask/seismic_x_510.png
511,,Train/Mask/seismic_x_511.png
512,,Train/Mask/seismic_x_512.png
513,,Train/Mask/seismic_x_513.png
514,,Train/Mask/seismic_x_514.png
515,,Train/Mask/seismic_x_515.png
516,,Train/Mask/seismic_x_516.png
517,,Train/Mask/seismic_x_517.png
518,,Train/Mask/seismic_x_518.png
519,,Train/Mask/seismic_x_519.png
520,,Train/Mask/seismic_x_520.png
521,,Train/Mask/seismic_x_521.png
522,,Train/Mask/seismic_x_522.png
523,,Train/Mask/seismic_x_523.png
524,,Train/Mask/seismic_x_524.png
525,,Train/Mask/seismic_x_525.png
526,,Train/Mask/seismic_x_526.png
527,,Train/Mask/seismic_x_527.png
528,,Train/Mask/seismic_x_528.png
529,,Train/Mask/seismic_x_529.png
530,,Train/Mask/seismic_x_530.png
531,,Train/Mask/seismic_x_531.png
532,,Train/Mask/seismic_x_532.png
533,,Train/Mask/seismic_x_533.png
534,,Train/Mask/seismic_x_534.png
535,,Train/Mask/seismic_x_535.png
536,,Train/Mask/seismic_x_536.png
537,,Train/Mask/seismic_x_537.png
538,,Train/Mask/seismic_x_538.png
539,,Train/Mask/seismic_x_539.png
540,,Train/Mask/seismic_x_540.png
541,,Train/Mask/seismic_x_541.png
542,,Train/Mask/seismic_x_542.png
543,,Train/Mask/seismic_x_543.png
544,,Train/Mask/seismic_x_544.png
545,,Train/Mask/seismic_x_545.png
546,,Train/Mask/seismic_x_546.png
547,,Train/Mask/seismic_x_547.png
548,,Train/Mask/seismic_x_548.png
549,,Train/Mask/seismic_x_549.png
550,,Train/Mask/seismic_x_550.png
551,,Train/Mask/seismic_x_551.png
552,,Train/Mask/seismic_x_552.png
553,,Train/Mask/seismic_x_553.png
554,,Train/Mask/seismic_x_554.png
555,,Train/Mask/seismic_x_555.png
556,,Train/Mask/seismic_x_556.png
557,,Train/Mask/seismic_x_557.png
558,,Train/Mask/seismic_x_558.png
559,,Train/Mask/seismic_x_559.png
560,,Train/Mask/seismic_x_560.png
561,,Train/Mask/seismic_x_561.png
562,,Train/Mask/seismic_x_562.png
563,,Train/Mask/seismic_x_563.png
564,,Train/Mask/seismic_x_564.png
565,,Train/Mask/seismic_x_565.png
566,,Train/Mask/seismic_x_566.png
567,,Train/Mask/seismic_x_567.png
568,,Train/Mask/seismic_x_568.png
569,,Train/Mask/seismic_x_569.png
570,,Train/Mask/seismic_x_570.png
571,,Train/Mask/seismic_x_571.png
572,,Train/Mask/seismic_x_572.png
573,,Train/Mask/seismic_x_573.png
574,,Train/Mask/seismic_x_574.png
575,,Train/Mask/seismic_x_575.png
576,,Train/Mask/seismic_x_576.png
577,,Train/Mask/seismic_x_577.png
578,,Train/Mask/seismic_x_578.png
579,,Train/Mask/seismic_x_579.png
580,,Train/Mask/seismic_x_580.png
581,,Train/Mask/seismic_x_581.png
582,,Train/Mask/seismic_x_582.png
583,,Train/Mask/seismic_x_583.png
584,,Train/Mask/seismic_x_584.png
585,,Train/Mask/seismic_x_585.png
586,,Train/Mask/seismic_x_586.png
587,,Train/Mask/seismic_x_587.png
588,,Train/Mask/seismic_x_588.png
589,,Train/Mask/seismic_x_589.png
590,,Train/Mask/seismic_x_590.png
591,,Train/Mask/seismic_x_591.png
592,,Train/Mask/seismic_x_592.png
593,,Train/Mask/seismic_x_593.png
594,,Train/Mask/seismic_x_594.png
595,,Train/Mask/seismic_x_595.png
596,,Train/Mask/seismic_x_596.png
597,,Train/Mask/seismic_x_597.png
598,,Train/Mask/seismic_x_598.png
599,,Train/Mask/seismic_x_599.png
600,,Train/Mask/seismic_x_600.png
601,,Train/Mask/seismic_x_601.png
602,,Train/Mask/seismic_x_602.png
603,,Train/Mask/seismic_x_603.png
604,,Train/Mask/seismic_x_604.png
605,,Train/Mask/seismic_x_605.png
606,,Train/Mask/seismic_x_606.png
607,,Train/Mask/seismic_x_607.png
608,,Train/Mask/seismic_x_608.png
609,,Train/Mask/seismic_x_609.png
610,,Train/Mask/seismic_x_610.png
611,,Train/Mask/seismic_x_611.png
612,,Train/Mask/seismic_x_612.png
613,,Train/Mask/seismic_x_613.png
614,,Train/Mask/seismic_x_614.png
615,,Train/Mask/seismic_x_615.png
616,,Train/Mask/seismic_x_616.png
617,,Train/Mask/seismic_x_617.png
618,,Train/Mask/seismic_x_618.png
619,,Train/Mask/seismic_x_619.png
620,,Train/Mask/seismic_x_620.png
621,,Train/Mask/seismic_x_621.png
622,,Train/Mask/seismic_x_622.png
623,,Train/Mask/seismic_x_623.png
624,,Train/Mask/seismic_x_624.png
625,,Train/Mask/seismic_x_625.png
626,,Train/Mask/seismic_x_626.png
627,,Train/Mask/seismic_x_627.png
628,,Train/Mask/seismic_x_628.png
629,,Train/Mask/seismic_x_629.png
630,,Train/Mask/seismic_x_630.png
631,,Train/Mask/seismic_x_631.png
632,,Train/Mask/seismic_x_632.png
633,,Train/Mask/seismic_x_633.png
634,,Train/Mask/seismic_x_634.png
635,,Train/Mask/seismic_x_635.png
636,,Train/Mask/seismic_x_636.png
637,,Train/Mask/seismic_x_637.png
638,,Train/Mask/seismic_x_638.png
639,,Train/Mask/seismic_x_639.png
640,,Train/Mask/seismic_x_640.png
641,,Train/Mask/seismic_x_641.png
642,,Train/Mask/seismic_x_642.png
643,,Train/Mask/seismic_x_643.png
644,,Train/Mask/seismic_x_644.png
645,,Train/Mask/seismic_x_645.png
646,,Train/Mask/seismic_x_646.png
647,,Train/Mask/seismic_x_647.png
648,,Train/Mask/seismic_x_648.png
649,,Train/Mask/seismic_x_649.png
650,,Train/Mask/seismic_x_650.png
651,,Train/Mask/seismic_x_651.png
652,,Train/Mask/seismic_x_652.png
653,,Train/Mask/seismic_x_653.png
654,,Train/Mask/seismic_x_654.png
655,,Train/Mask/seismic_x_655.png
656,,Train/Mask/seismic_x_656.png
657,,Train/Mask/seismic_x_657.png
658,,Train/Mask/seismic_x_658.png
659,,Train/Mask/seismic_x_659.png
660,,Train/Mask/seismic_x_660.png
661,,Train/Mask/seismic_x_661.png
662,,Train/Mask/seismic_x_662.png
663,,Train/Mask/seismic_x_663.png
664,,Train/Mask/seismic_x_664.png
665,,Train/Mask/seismic_x_665.png
666,,Train/Mask/seismic_x_666.png
667,,Train/Mask/seismic_x_667.png
668,,Train/Mask/seismic_x_668.png
669,,Train/Mask/seismic_x_669.png
670,,Train/Mask/seismic_x_670.png
671,,Train/Mask/seismic_x_671.png
672,,Train/Mask/seismic_x_672.png
673,,Train/Mask/seismic_x_673.png
674,,Train/Mask/seismic_x_674.png
675,,Train/Mask/seismic_x_675.png
676,,Train/Mask/seismic_x_676.png
677,,Train/Mask/seismic_x_677.png
678,,Train/Mask/seismic_x_678.png
679,,Train/Mask/seismic_x_679.png
680,,Train/Mask/seismic_x_680.png
681,,Train/Mask/seismic_x_681.png
682,,Train/Mask/seismic_x_682.png
683,,Train/Mask/seismic_x_683.png
684,,Train/Mask/seismic_x_684.png
685,,Train/Mask/seismic_x_685.png
686,,Train/Mask/seismic_x_686.png
687,,Train/Mask/seismic_x_687.png
688,,Train/Mask/seismic_x_688.png
689,,Train/Mask/seismic_x_689.png
690,,Train/Mask/seismic_x_690.png
691,,Train/Mask/seismic_x_691.png
692,,Train/Mask/seismic_x_692.png
693,,Train/Mask/seismic_x_693.png
694,,Train/Mask/seismic_x_694.png
695,,Train/Mask/seismic_x_695.png
696,,Train/Mask/seismic_x_696.png
697,,Train/Mask/seismic_x_697.png
698,,Train/Mask/seismic_x_698.png
699,,Train/Mask/seismic_x_699.png
700,,Train/Mask/seismic_x_700.png
701,,Train/Mask/seismic_x_701.png
702,,Train/Mask/seismic_x_702.png
703,,Train/Mask/seismic_x_703.png
704,,Train/Mask/seismic_x_704.png
705,,Train/Mask/seismic_x_705.png
706,,Train/Mask/seismic_x_706.png
707,,Train/Mask/seismic_x_707.png
708,,Train/Mask/seismic_x_708.png
709,,Train/Mask/seismic_x_709.png
710,,Train/Mask/seismic_x_710.png
711,,Train/Mask/seismic_x_711.png
712,,Train/Mask/seismic_x_712.png
713,,Train/Mask/seismic_x_713.png
714,,Train/Mask/seismic_x_714.png
715,,Train/Mask/seismic_x_715.png
716,,Train/Mask/seismic_x_716.png
717,,Train/Mask/seismic_x_717.png
718,,Train/Mask/seismic_x_718.png
719,,Train/Mask/seismic_x_719.png
720,,Train/Mask/seismic_x_720.png
721,,Train/Mask/seismic_x_721.png
722,,Train/Mask/seismic_x_722.png
723,,Train/Mask/seismic_x_723.png
724,,Train/Mask/seismic_x_724.png
725,,Train/Mask/seismic_x_725.png
726,,Train/Mask/seismic_x_726.png
727,,Train/Mask/seismic_x_727.png
728,,Train/Mask/seismic_x_728.png
729,,Train/Mask/seismic_x_729.png
730,,Train/Mask/seismic_x_730.png
731,,Train/Mask/seismic_x_731.png
732,,Train/Mask/seismic_x_732.png
733,,Train/Mask/seismic_x_733.png
734,,Train/Mask/seismic_x_734.png
735,,Train/Mask/seismic_x_735.png
736,,Train/Mask/seismic_x_736.png
737,,Train/Mask/seismic_x_737.png
738,,Train/Mask/seismic_x_738.png
739,,Train/Mask/seismic_x_739.png
740,,Train/Mask/seismic_x_740.png
741,,Train/Mask/seismic_x_741.png
742,,Train/Mask/seismic_x_742.png
743,,Train/Mask/seismic_x_743.png
744,,Train/Mask/seismic_x_744.png
745,,Train/Mask/seismic_x_745.png
746,,Train/Mask/seismic_x_746.png
747,,Train/Mask/seismic_x_747.png
748,,Train/Mask/seismic_x_748.png
749,,Train/Mask/seismic_x_749.png
750,,Train/Mask/seismic_x_750.png
751,,Train/Mask/seismic_x_751.png
752,,Train/Mask/seismic_x_752.png
753,,Train/Mask/seismic_x_753.png
754,,Train/Mask/seismic_x_754.png
755,,Train/Mask/seismic_x_755.png
756,,Train/Mask/seismic_x_756.png
757,,Train/Mask/seismic_x_757.png
758,,Train/Mask/seismic_x_758.png
759,,Train/Mask/seismic_x_759.png
760,,Train/Mask/seismic_x_760.png
761,,Train/Mask/seismic_x_761.png
762,,Train/Mask/seismic_x_762.png
763,,Train/Mask/seismic_x_763.png
764,,Train/Mask/seismic_x_764.png
765,,Train/Mask/seismic_x_765.png
766,,Train/Mask/seismic_x_766.png
767,,Train/Mask/seismic_x_767.png
768,,Train/Mask/seismic_x_768.png
769,,Train/Mask/seismic_x_769.png
770,,Train/Mask/seismic_x_770.png
771,,Train/Mask/seismic_x_771.png
772,,Train/Mask/seismic_x_772.png
773,,Train/Mask/seismic_x_773.png
774,,Train/Mask/seismic_x_774.png
775,,Train/Mask/seismic_x_775.png
776,,Train/Mask/seismic_x_776.png
777,,Train/Mask/seismic_x_777.png
778,,Train/Mask/seismic_x_778.png
779,,Train/Mask/seismic_x_779.png
780,,Train/Mask/seismic_x_780.png
781,,Train/Mask/seismic_x_781.png
